id,name,postcode
1,Amina Summers,BR5 4AQ
2,Darius Alfaro,WA7 6PA
3,Yasmin Guerrero,BN2 9SW
4,Bryce Quintana,B63 1JU
5,Kenia Villalobos,WS7 9BW
6,Reuben Durham,TW19 6HF
7,Tiffany Reed,TQ14 9NG
8,Easton Alfaro,DD5 3NE
9,Yasmin Zimmerman,BB4 9PJ
10,Sergio Mullen,KT12 1DW
11,Shay Henderson,L38 0BE
12,Beau Mullins,WV10 9HS
13,Maliyah Andersen,TN6 2DY
14,Alistair Tapia,TA9 3RL
15,Michaela Perry,DD7 7PR
16,Waylon Vazquez,SG6 4TY
17,Journee Hensley,BL4 8BD
18,Layne Flores,CA5 7AX
19,Emilia Franklin,NN15 6BJ
20,Simon Hart,WR15 8EB
21,Gemma Friedman,NE15 8HF
22,Darwin Sweeney,CA10 1SS
23,Yara Guerrero,CB3 0AQ
24,Bryce Sierra,IP11 9RR
25,Marceline Berg,RH6 0GY
26,Cayson Little,EH52 6WR
27,Harley Cardenas,BT52 2PZ
28,Johnathan Vaughan,BS40 6JT
29,Nancy Lu,CT14 7AZ
30,Duncan George,BB9 0TB
31,Adelyn Rowland,HA6 2XA
32,Eliezer Massey,RG12 7HY
33,Clementine Branch,LE5 1AN
34,Keenan Villarreal,NE37 2NN
35,Jazlyn Russo,WA16 6HR
36,Jamie George,KT7 0JA
37,Adelyn Horton,CH4 8DH
38,Garrett Payne,CW2 6GH
39,London Bradford,EH49 6BZ
40,Ander Pittman,EH5 2GF
41,Marie Odom,NG10 3NA
42,Kylian Smith,RH11 7AL
43,Olivia Osborne,CH62 9ET
44,Augustus Orozco,IG7 4EN
45,Renata Villegas,BN18 0LP
46,Clyde Mays,PH1 5QF
47,Denisse Bean,G66 4BJ
48,Mccoy Stuart,BN2 5DN
49,Stormi Richmond,SL4 6JT
50,Mordechai Keller,M41 6QF
51,Logan Castillo,SG1 4NJ
52,Kai Conley,EX4 4FF
53,Salem Andersen,PE24 4QR
54,Alistair Dunlap,SA2 7QT
55,Iliana Guevara,HD9 2LG
56,Tommy Swanson,DT2 8BN
57,Helen Chen,DD2 2PW
58,Emmanuel Suarez,NG10 5BT
59,Jimena O’Donnell,WR14 1TW
60,Lian Hoffman,CV10 8NU
61,Aspen McCarty,DN19 7SF
62,Blaise Melendez,WD6 4UA
63,Bethany Drake,PH13 9HP
64,Jalen Hanson,HA3 0AS
65,Mariana Yates,EN10 6GT
66,Braylon Farley,WR6 5PR
67,Wrenley Hanna,YO32 9SA
68,Aydin Tanner,PE9 3JY
69,Harmoni Norris,M5 3PT
70,Cairo Spencer,WN7 4BD
71,Alyssa Tapia,PE10 0NX
72,Samir Nixon,DH8 0LY
73,Deborah Winters,LN7 6JN
74,Deandre Paul,NG17 8AA
75,Daphne Wilkerson,NG10 5PH
76,Carmelo Burch,OL1 4QZ
77,Freyja Ellis,OX4 1NT
78,Cole Graham,NE61 9ZZ
79,Alaia Tate,BT11 8BX
80,Dalton Price,CO13 0AU
81,Piper Harmon,TS15 0JY
82,Roberto Schroeder,BS4 2JP
83,Cameron Knight,ML1 3ED
84,Beckett Strong,LL19 9ST
85,Margo Holloway,BH9 1LT
86,Sutton McDonald,HA2 0NW
87,Daisy James,W8 7RL
88,Jaxson Mullins,PO16 9DS
89,Maliyah Kelly,CF36 3YG
90,Cooper Suarez,LS27 7ET
91,Jimena Harper,DL1 2YE
92,Hayes Morris,CO5 9JR
93,Genesis Alvarado,WA7 1QE
94,Andres Patrick,OL4 1LX
95,Lyra Esparza,IM5 1GP
96,Carl Cortez,SP2 7HA
97,Haven Thornton,DN7 5SF
98,Malik Mendez,BH3 7DH
99,Londyn Melton,LE10 2AP
100,Lennon Brown,CH49 5NB
101,Charlotte Dillon,ML1 3LR
102,Alvin Joseph,BH23 3DA
103,Gracelynn Esquivel,B60 1EA
104,Bridger Soto,KT9 2QY
105,Brynlee Morse,EX32 8GP
106,Bode Hammond,G83 7AP
107,Holly Jenkins,EX11 1JP
108,Declan Frank,SS9 4DE
109,Dior Allen,LE15 8JN
110,Carter Miranda,BA14 6HS
111,Amina Floyd,M6 7RF
112,Pierce Welch,SK11 8WF
113,Amira Jefferson,BT38 7EJ
114,Raylan Barrera,TA3 7ND
115,Beatrice Hebert,RG7 4AX
116,Guillermo Portillo,SY5 0EA
117,Nathalie Wood,B93 9HR
118,Carson Villa,M35 9DN
119,Johanna Fitzpatrick,EX6 8XB
120,Blaze Jordan,PE8 5SX
121,Adalynn Madden,DG8 9NS
122,Everest Lopez,M11 4EZ
123,Gianna Webster,SN15 4RE
124,Shawn Vincent,SE1 7HB
125,Allyson Allen,RH11 8PY
126,Carter Weeks,OX14 1NE
127,Karen Baker,CT6 8SD
128,Ezra Wiggins,NN12 8SB
129,Capri West,LU2 9TE
130,Diego Valdez,PL19 8QZ
131,Diana Person,TF4 2RY
132,Moses Norman,GL7 4AA
133,Malani Enriquez,CT14 8DL
134,Elisha McConnell,M34 5NS
135,Denise Gordon,ST6 4JF
136,Karter Guerrero,DG1 3LX
137,Margot Ho,OX10 8DG
138,Morgan Brown,BL8 3QD
139,Charlotte Hammond,CF83 8EB
140,Francis Wagner,CA28 8YF
141,Maeve Mitchell,B77 5GW
142,Jaxon Brewer,NG24 2HJ
143,Thea Lynch,B78 3LW
144,Zane Howe,TN15 8QF
145,Persephone Vargas,UB3 1DT
146,Ryker McMahon,BL2 6BQ
147,Belen Booth,SG4 9ER
148,Chaim Morris,M20 6DD
149,Genesis Moyer,CF23 5AW
150,Ahmir Bauer,DY14 0QW
151,Haley Parks,NP11 7BS
152,Gianni Sampson,NE24 4PR
153,Meilani Rowland,DT2 8PF
154,Eliezer Christian,BR4 9NN
155,Anahi Dillon,ST6 6RR
156,Alvin Ryan,DA13 9AD
157,Morgan Peck,DY13 0LW
158,Yousef Escobar,SE1P 5QH
159,Erin Wall,BS13 8ND
160,Issac Reed,OX11 6AS
161,Valentina Gould,NG5 6GW
162,Blaine Berry,DN14 0AT
163,Annabelle Cobb,BS4 1PW
164,Raphael Mayer,PE15 0TN
165,Ainhoa Cunningham,S35 3GT
166,Alejandro Erickson,MK41 0HZ
167,Sabrina Watkins,SW4 8DL
168,Nash Middleton,CT17 0SY
169,Madalyn Robbins,GU1 4SE
170,Finnegan Hensley,W1K 2PN
171,Malaya Cole,LA1 4QZ
172,Nathaniel Roy,ST14 7SZ
173,Savanna Blackwell,BR1 4DU
174,Marcellus McIntosh,G61 3AL
175,Gwen Gallegos,PR1 7QQ
176,Jonas Heath,TR26 2SX
177,Amani Shelton,BT46 5LL
178,Leonel Wiggins,OX5 2XJ
179,Capri Gutierrez,CF3 5UW
180,Luca Travis,NE48 2TN
181,Mazikee Tanner,NR33 7ND
182,Bruno Flowers,DT1 2PR
183,Ariya Novak,HA5 4AS
184,Bishop Esquivel,CA5 6JX
185,Jaylee Mason,E15 1ET
186,Brandon Fuller,GL9 1EF
187,Oakley Holland,WV1 9NJ
188,Brady Daugherty,YO11 3LG
189,Magdalena Simmons,LA9 7DW
190,Harrison Li,LS16 8DL
191,Paige Kemp,KT15 2AD
192,Melvin Dunn,YO8 6EL
193,Olive Neal,WR15 8LY
194,Kane Coleman,GL16 8EB
195,Julia Lynn,HG4 1SS
196,Zechariah Stevenson,NW1W 7DD
197,Regina Anderson,WA2 0NG
198,Jacob Marquez,SY1 3XS
199,Milani Winters,SO31 5DR
200,Deandre Yoder,TS8 0WN
201,Emerie Bond,PE16 6JB
202,Roger Edwards,GL16 7ES
203,Ivy Franklin,LL65 1YR
204,Simon Todd,E3 3GJ
205,Zariah Michael,NE8 1HR
206,Bronson Esquivel,SO51 0NS
207,Jaylee Patton,JE4 5QW
208,Moises Austin,B32 4HN
209,Alivia Peralta,BD20 6DS
210,Dangelo Lambert,HD1 6HA
211,Nina Frank,LE12 6SF
212,Braylen Clements,AB16 6QS
213,Cara Leach,HU15 2SF
214,Westin Stokes,SK11 9DB
215,Miranda Blair,TN3 9AP
216,Troy Ayala,CM2 7HF
217,Blair Coleman,SW18 2TS
218,Micah Vo,CR2 6FQ
219,Artemis Kim,WA5 2JN
220,Roman Wright,PE11 3PA
221,Lily Hodges,TS20 1EU
222,Alonzo Cannon,PO22 7JU
223,Noa Mathis,PL15 7RA
224,Gustavo Petersen,BA4 6QG
225,Fernanda Alexander,AB43 7LR
226,Kingston Cervantes,TQ7 3BU
227,Aylin Wade,OL9 8QJ
228,Jake Aguilar,ST7 3SZ
229,Josie Yu,TN17 4ES
230,Bryant Dixon,CF38 1AP
231,Blakely Harrington,CB23 7DU
232,Omari Bryan,NE26 4BP
233,Meredith Zamora,WC2H 0JR
234,Quentin Sherman,BD9 6DG
235,Addilyn Mitchell,NG11 0LQ
236,Jaxon Knight,CF44 0JG
237,Gracie Huff,NE38 8SW
238,Finnley Adams,SA70 8EL
239,Stella Crane,BA21 3LR
240,Fox Franklin,BS10 7EL
241,Angela Davila,CR0 2XQ
242,Grey Perry,BS3 3NG
243,Clara Meza,N18 1EQ
244,Lucian Andersen,IP25 6XQ
245,Zoie Bradford,EH49 7BU
246,Ander Gomez,E1 6JB
247,Natalie Ward,NR12 7HT
248,Jameson Kaur,SY5 0LB
249,Holland Russell,SM1 2AH
250,Weston Herring,IP14 1NG
251,Denver Johns,SO22 6BN
252,Joziah Chavez,WA13 9BN
253,Nevaeh Herman,OL2 5JD
254,Juelz Shepherd,LL54 5PG
255,Katalina Randolph,CT11 0RN
256,Eugene Sheppard,HU15 2LR
257,Veda Palmer,HX3 6PG
258,Theo Gibson,PE3 6HP
259,Eden Golden,WS6 7DX
260,Amias Perkins,L19 9BU
261,Sage Gillespie,KA26 9JJ
262,Forest Boone,LA4 5TE
263,Mariam Truong,NP20 1TS
264,Ayan Lowe,EX31 1QN
265,Amari Elliott,CO2 7NF
266,Blake Gallagher,TD1 1RG
267,Elliott Gould,CM7 9TB
268,Blaine Gillespie,KT8 0AH
269,Alianna Bender,BH1 3HA
270,Zavier Lyons,DT2 7EZ
271,Kenzie Horn,HP1 3LP
272,Wilson King,SW2 4HL
273,Victoria Thomas,ME2 4QJ
274,Logan Woodard,GL15 4SJ
275,Aubrie Weeks,PR25 1TQ
276,Anders Clay,N4 2RF
277,Aliana Lara,UB5 5QE
278,Caiden Gibson,CF5 5AQ
279,Eden Harper,UB3 4JZ
280,Hayes McMillan,HX3 0BQ
281,Oakleigh Christensen,GU15 4BF
282,Gregory Castillo,PL4 0JT
283,Eva Richards,HA3 8HD
284,Holden Bryan,DG9 9JY
285,Meredith Koch,S3 7BG
286,Salvador Fuentes,G84 8YN
287,Madeleine Sosa,KY8 3BQ
288,Emir Johns,SK8 1QF
289,Giovanna Michael,WS15 1SE
290,Bronson Hancock,BN23 6HE
291,Katelyn Cardenas,WC2N 5BW
292,Johnathan Donovan,BS4 1AH
293,Azariah Gallagher,PR4 0QT
294,Marcos Hendrix,PA15 4HN
295,Zhuri Hogan,WN7 2XH
296,Sonny Salinas,GU34 5QQ
297,Royalty Meadows,CW9 8FB
298,Wayne Alvarez,EX4 4DE
299,Leilani Hunt,M33 5LL
300,Jesus Baxter,IP11 9SJ
301,Lara Frank,LS12 3DH
302,Braylen Daugherty,N8 9EL
303,Magdalena Sawyer,DG3 5DH
304,Jefferson Dean,SK4 5AW
305,Julianna Mosley,GL4 4GP
306,Rayden Cunningham,SR5 3HZ
307,Marley Wiley,SE5 7GD
308,Mathew Swanson,CH43 9TL
309,Helen Bradshaw,W12 0EX
310,Emory Bean,ML1 5QN
311,Jenesis Gilbert,BT80 8EF
312,Tobias Weiss,ST16 2HQ
313,Lennox Mendoza,OL16 2NU
314,Dominic Montoya,NE24 3DS
315,Kamryn Nielsen,RG17 8YB
316,Tru Hahn,L11 4RP
317,Fallon Pierce,CV5 8HG
318,Nicolas Reyes,OX12 7EY
319,Audrey Fitzgerald,CT15 7QA
320,Peyton Simmons,BS6 7NL
321,Reagan Reyna,KY1 1PP
322,Reginald Singh,LE9 6WX
323,Vivienne Booker,SW7 1NF
324,Dominik Medina,KT11 2BZ
325,Elliana Hernandez,KT8 9BH
326,Mason Cruz,BT63 6AR
327,Claire Moyer,LE16 7AT
328,Ahmir McCann,M24 2FF
329,Joyce Sampson,ME15 9BG
330,Cain Glass,EH52 6LB
331,Clare Roach,EH4 4JZ
332,Caspian Hogan,SR8 3QW
333,Kathryn Crawford,SE24 0HY
334,Kevin Hutchinson,EH37 5SZ
335,Jamie McDonald,TA4 3AE
336,Calvin Mathis,GL52 3NX
337,Anne Wood,BT12 5RD
338,Carson Chung,OL9 7QN
339,Rivka Wolfe,EX15 2JX
340,Donovan Brandt,BN13 3QZ
341,Loretta Hunter,ME2 4SN
342,Archer Velazquez,PL21 0SG
343,Jaliyah Hartman,WF6 2AZ
344,Baker Cherry,W1T 5DN
345,Nyomi McLaughlin,WF1 1PH
346,Ibrahim Stevens,TQ12 3QS
347,Katherine Andrade,CV9 1QD
348,Abdiel Kirk,GU29 9TD
349,Ellis Moses,SK17 6BF
350,Niklaus Vargas,KA3 1HS
351,Andrea Page,WF13 4NH
352,Pablo Vazquez,DE14 3GE
353,Journee Soto,GL7 6FR
354,Barrett Lester,CV31 1XT
355,Averi Houston,ST17 0RU
356,Sylas Sheppard,NE26 2RD
357,Veda Salazar,PE7 1BA
358,Brody Jacobson,B72 1HN
359,Royal Finley,M23 1JZ
360,Calum Ruiz,SW19 1TB
361,Emery Walton,HG2 7LE
362,Dominick Jaramillo,RG42 1PJ
363,Guadalupe Cummings,TR13 8GA
364,Raiden Blake,YO14 9EG
365,Amanda Stephenson,PL2 1NY
366,Joe Morris,NG20 0NH
367,Genesis Hanson,SO31 4QD
368,Khalil Rodgers,BL4 7AW
369,Selah Mullins,TW15 2AY
370,Allen Roach,PA6 7DL
371,Lyanna Gibson,BH20 7AJ
372,Tyler Gillespie,PA5 8RZ
373,Alianna Acevedo,OX25 5AS
374,Dakari Vincent,BL9 9NS
375,Allyson Campos,PR6 9BY
376,Gideon Cardenas,SY1 3FB
377,Raven Kennedy,EX19 8QF
378,Maxwell Grant,G72 9EL
379,Alaina Evans,S43 3QQ
380,Elias Dunlap,DD4 8ET
381,Iliana Donaldson,CA14 2BF
382,Canaan McKinney,B63 3LU
383,Gwendolyn Cooper,OL11 2YB
384,Jonathan Watts,KY11 3LA
385,Melissa Mayo,AL8 6BY
386,Jericho Snow,CV21 1QH
387,Alexia Booth,SY10 9HL
388,Chaim Stephenson,PE29 3LD
389,Khaleesi Fitzgerald,NW1W 8HS
390,Peyton Graham,NE7 7DD
391,Alaia Short,SK7 1GE
392,Hezekiah Wiggins,BS5 9PQ
393,Capri Frank,PL26 7SB
394,Braylen Whitaker,SL3 9JD
395,Ivanna Mueller,G51 1BA
396,Albert Snow,IM2 4PH
397,Alexia Valencia,S12 3AH
398,Dax Wiley,CR0 3RY
399,Lauryn Whitney,TW1 1BZ
400,Jeffery Arnold,ST6 5UZ
401,Finley Harrison,G62 7TW
402,Gavin Quinn,CW7 3UU
403,Heaven Wilkins,DG9 7PX
404,Yusuf Mayo,NP12 1EB
405,Aarya Erickson,LE3 2TD
406,Johnny Schwartz,M12 4WN
407,Lilliana Hood,PO16 9QH
408,Brixton Cunningham,BN21 2TU
409,Marley Branch,ST4 4RT
410,Keenan Le,LS8 1QA
411,Myla Conrad,PO20 3TX
412,Dilan Pennington,EC1N 7RR
413,Yareli Moss,CH4 0JB
414,Porter Sloan,PO13 9HU
415,Selene Booth,TN25 7FW
416,Chaim Benitez,E18 2PS
417,Aliza Guerra,NG14 7FH
418,Leland Rich,EH7 6QA
419,Sunny Trejo,ML4 2PJ
420,Wesson Gaines,SY10 7QF
421,Aya Jackson,CF64 2TL
422,Sebastian Conway,SY21 7SF
423,Ryann Bean,SR3 1SU
424,Mccoy Moon,BS2 0HQ
425,Naya Zhang,BH24 2EF
426,Isaias McFarland,PE11 2PU
427,Annika Stark,TW16 6HD
428,Kristopher Moreno,RH1 6BJ
429,Mary Hendricks,LU5 6BA
430,Dash Watts,TQ7 1LQ
431,Melissa Burgess,LS28 7NB
432,Kolton Good,PL9 9QF
433,Nathalia Chung,BA4 5TH
434,Ira Ponce,GU14 4GH
435,Aileen Neal,ST5 6JP
436,Kane Morales,WA7 1LL
437,Skylar Ruiz,NE33 1ES
438,Austin Nash,S12 2TT
439,Novah Simpson,CH42 9PG
440,Elliott Bowers,CB4 3BF
441,Elisa Cross,DE75 7FU
442,Fabian Chavez,E8 2JS
443,Nevaeh Graham,ST4 2LA
444,Giovanni Anderson,SP4 6JD
445,Ella Casey,SE2 9LU
446,Armando Sims,SY4 4QT
447,Lena Vargas,PL26 8PH
448,Ryker Sparks,TR2 5NA
449,Aisha Esquivel,YO1 7PB
450,Bridger House,WV5 9BB
451,Sariah Calderon,RM1 4AJ
452,Oakley Mason,G64 1YA
453,Sienna Case,PO18 0FS
454,Bentlee Adkins,BS24 7LR
455,Emelia Bishop,CV37 0UQ
456,Paxton Singleton,DD2 5GR
457,Malaysia Parsons,BT78 3PQ
458,Lewis Hull,OL16 5EZ
459,Andi Lane,DN16 1EP
460,Matias Solis,NG19 7RE
461,Miracle Barton,BA12 9HH
462,Cassius Compton,SA44 4AP
463,Elina Benton,BL0 0NT
464,Jamal Frederick,S63 8EL
465,Sariyah Hubbard,KT20 7ND
466,Forrest Zimmerman,WN6 7SL
467,Ariyah Noble,NN10 0EU
468,Idris Rowland,CO16 7DN
469,Harleigh Schaefer,PR1 6TR
470,Ishaan Marquez,KT17 1QG
471,Milani Carpenter,KY10 2AD
472,Jeremy Schneider,CF47 9DW
473,Delaney Parker,BT33 0FD
474,Caleb Hunt,CF23 6PB
475,Genevieve Abbott,DN4 6DZ
476,Kohen Jordan,ST1 6QP
477,Adalynn Rosas,NR5 0AB
478,Remi Coffey,PO38 1PX
479,Paola Estes,SA5 5DW
480,Hakeem Wagner,CM3 2FA
481,Maeve Cannon,LA23 9BL
482,Archie Fuentes,HX1 5PU
483,Madeleine Robertson,SS3 9DJ
484,Emiliano Cabrera,CO13 0QS
485,Daleyza Hendrix,LE4 7QY
486,Korbyn Harrison,NP7 9QA
487,Jasmine Hanna,SE13 9GB
488,Aydin McMahon,GU23 6QD
489,Belen McKenzie,CV34 6SA
490,Scott Houston,L36 6BN
491,Lylah Zhang,DN12 1JA
492,Isaias Cole,LL22 9RA
493,Margaret Franco,S72 8RR
494,Gage Stevens,LD3 0YN
495,Katherine Shepard,KY6 1JJ
496,Damari Cohen,WA7 6AA
497,Destiny Huff,OL10 3LA
498,Finnley Bennett,GU35 0AU
499,Josephine Miller,FY1 1RL
500,Benjamin Burton,SO14 2AF
